g@com,123,Gabriel Reis,1,a
j@com,123,Pedro Coutinho,p
m@com,123,Matheus Siqueira,2,a
av@com,123,lopes,3,a
k@com,123,kevin,p
r@com,123,roberto,1,a
f@com,123,Fernando,4,a
s@com,123,Maria,p
i@com,123,lala,p
l@com,123,teste,1,a
email1@example.com,senha1,Nome Completo 1,1,a
email2@example.com,senha2,Nome Completo 2,2,a
email3@example.com,senha3,Nome Completo 3,3,a
email4@example.com,senha4,Nome Completo 4,4,a
email5@example.com,senha5,Nome Completo 5,1,a
email6@example.com,senha6,Nome Completo 6,2,a
email7@example.com,senha7,Nome Completo 7,3,a
email8@example.com,senha8,Nome Completo 8,4,a
email9@example.com,senha9,Nome Completo 9,1,a
email10@example.com,senha10,Nome Completo 10,2,a
email11@example.com,senha11,Nome Completo 11,3,a
email12@example.com,senha12,Nome Completo 12,4,a
email13@example.com,senha13,Nome Completo 13,1,a
email14@example.com,senha14,Nome Completo 14,2,a
email15@example.com,senha15,Nome Completo 15,3,a
email16@example.com,senha16,Nome Completo 16,4,a
email17@example.com,senha17,Nome Completo 17,1,a
email18@example.com,senha18,Nome Completo 18,2,a
email19@example.com,senha19,Nome Completo 19,3,a
email20@example.com,senha20,Nome Completo 20,4,a
email21@example.com,senha21,Nome Completo 21,1,a
email22@example.com,senha22,Nome Completo 22,2,a
email23@example.com,senha23,Nome Completo 23,3,a
email24@example.com,senha24,Nome Completo 24,4,a
email25@example.com,senha25,Nome Completo 25,1,a
email26@example.com,senha26,Nome Completo 26,2,a
email27@example.com,senha27,Nome Completo 27,3,a
email28@example.com,senha28,Nome Completo 28,4,a
email29@example.com,senha29,Nome Completo 29,1,a
email30@example.com,senha30,Nome Completo 30,2,a
email31@example.com,senha31,Nome Completo 31,3,a
email32@example.com,senha32,Nome Completo 32,4,a
email33@example.com,senha33,Nome Completo 33,1,a
email34@example.com,senha34,Nome Completo 34,2,a
email35@example.com,senha35,Nome Completo 35,3,a
email36@example.com,senha36,Nome Completo 36,4,a
email37@example.com,senha37,Nome Completo 37,1,a
email38@example.com,senha38,Nome Completo 38,2,a
email39@example.com,senha39,Nome Completo 39,3,a
email40@example.com,senha40,Nome Completo 40,4,a
email41@example.com,senha41,Nome Completo 41,p
email42@example.com,senha42,Nome Completo 42,p
email43@example.com,senha43,Nome Completo 43,p
email44@example.com,senha44,Nome Completo 44,p
email45@example.com,senha45,Nome Completo 45,p
email46@example.com,senha46,Nome Completo 46,p
email47@example.com,senha47,Nome Completo 47,p
email48@example.com,senha48,Nome Completo 48,p
email49@example.com,senha49,Nome Completo 49,p
email50@example.com,senha50,Nome Completo 50,p
email51@example.com,senha51,Nome Completo 51,1,a
email52@example.com,senha52,Nome Completo 52,2,a
email53@example.com,senha53,Nome Completo 53,3,a
email54@example.com,senha54,Nome Completo 54,4,a
email55@example.com,senha55,Nome Completo 55,1,a
email56@example.com,senha56,Nome Completo 56,2,a
email57@example.com,senha57,Nome Completo 57,3,a
email58@example.com,senha58,Nome Completo 58,4,a
email59@example.com,senha59,Nome Completo 59,1,a
email60@example.com,senha60,Nome Completo 60,2,a
email61@example.com,senha61,Nome Completo 61,3,a
email62@example.com,senha62,Nome Completo 62,4,a
email63@example.com,senha63,Nome Completo 63,1,a
email64@example.com,senha64,Nome Completo 64,2,a
email65@example.com,senha65,Nome Completo 65,3,a
email66@example.com,senha66,Nome Completo 66,4,a
email67@example.com,senha67,Nome Completo 67,1,a
email68@example.com,senha68,Nome Completo 68,2,a
email69@example.com,senha69,Nome Completo 69,3,a
email70@example.com,senha70,Nome Completo 70,4,a
email71@example.com,senha71,Nome Completo 71,1,a
email72@example.com,senha72,Nome Completo 72,2,a
email73@example.com,senha73,Nome Completo 73,3,a
email74@example.com,senha74,Nome Completo 74,4,a
email75@example.com,senha75,Nome Completo 75,1,a
email76@example.com,senha76,Nome Completo 76,2,a
email77@example.com,senha77,Nome Completo 77,3,a
email78@example.com,senha78,Nome Completo 78,4,a
email79@example.com,senha79,Nome Completo 79,1,a
email80@example.com,senha80,Nome Completo 80,2,a
email81@example.com,senha81,Nome Completo 81,3,a
email82@example.com,senha82,Nome Completo 82,4,a
email83@example.com,senha83,Nome Completo 83,1,a
email84@example.com,senha84,Nome Completo 84,2,a
email85@example.com,senha85,Nome Completo 85,3,a
email86@example.com,senha86,Nome Completo 86,4,a
email87@example.com,senha87,Nome Completo 87,1,a
email88@example.com,senha88,Nome Completo 88,2,a
email89@example.com,senha89,Nome Completo 89,3,a
email90@example.com,senha90,Nome Completo 90,4,a
email91@example.com,senha91,Nome Completo 91,1,a
email92@example.com,senha92,Nome Completo 92,2,a
email93@example.com,senha93,Nome Completo 93,3,a
email94@example.com,senha94,Nome Completo 94,4,a
email95@example.com,senha95,Nome Completo 95,1,a
email96@example.com,senha96,Nome Completo 96,2,a
email97@example.com,senha97,Nome Completo 97,3,a
email98@example.com,senha98,Nome Completo 98,4,a
email99@example.com,senha99,Nome Completo 99,1,a
email100@example.com,senha100,Nome Completo 100,2,a
email101@example.com,senha101,Nome Completo 101,3,a
email102@example.com,senha102,Nome Completo 102,4,a
email103@example.com,senha103,Nome Completo 103,1,a
email104@example.com,senha104,Nome Completo 104,2,a
email105@example.com,senha105,Nome Completo 105,3,a
email106@example.com,senha106,Nome Completo 106,4,a
email107@example.com,senha107,Nome Completo 107,1,a
email108@example.com,senha108,Nome Completo 108,2,a
email109@example.com,senha109,Nome Completo 109,3,a
email110@example.com,senha110,Nome Completo 110,4,a
email111@example.com,senha111,Nome Completo 111,1,a
email112@example.com,senha112,Nome Completo 112,2,a
email113@example.com,senha113,Nome Completo 113,3,a
email114@example.com,senha114,Nome Completo 114,4,a
email115@example.com,senha115,Nome Completo 115,1,a
email116@example.com,senha116,Nome Completo 116,2,a
email117@example.com,senha117,Nome Completo 117,3,a
email118@example.com,senha118,Nome Completo 118,4,a
email119@example.com,senha119,Nome Completo 119,1,a
email120@example.com,senha120,Nome Completo 120,2,a
email121@example.com,senha121,Nome Completo 121,3,a
email122@example.com,senha122,Nome Completo 122,4,a
email123@example.com,senha123,Nome Completo 123,1,a
email124@example.com,senha124,Nome Completo 124,2,a
email125@example.com,senha125,Nome Completo 125,3,a
email126@example.com,senha126,Nome Completo 126,4,a
email127@example.com,senha127,Nome Completo 127,1,a
email128@example.com,senha128,Nome Completo 128,2,a
email129@example.com,senha129,Nome Completo 129,3,a
email130@example.com,senha130,Nome Completo 130,4,a
email131@example.com,senha131,Nome Completo 131,1,a
email132@example.com,senha132,Nome Completo 132,2,a
email133@example.com,senha133,Nome Completo 133,3,a
email134@example.com,senha134,Nome Completo 134,4,a
email135@example.com,senha135,Nome Completo 135,1,a
email136@example.com,senha136,Nome Completo 136,2,a
email137@example.com,senha137,Nome Completo 137,3,a
email138@example.com,senha138,Nome Completo 138,4,a
email139@example.com,senha139,Nome Completo 139,1,a
email140@example.com,senha140,Nome Completo 140,2,a
email141@example.com,senha141,Nome Completo 141,3,a
email142@example.com,senha142,Nome Completo 142,4,a
email143@example.com,senha143,Nome Completo 143,1,a
email144@example.com,senha144,Nome Completo 144,2,a
email145@example.com,senha145,Nome Completo 145,3,a
email146@example.com,senha146,Nome Completo 146,4,a
email147@example.com,senha147,Nome Completo 147,1,a
email148@example.com,senha148,Nome Completo 148,2,a
email149@example.com,senha149,Nome Completo 149,3,a
email150@example.com,senha150,Nome Completo 150,4,a
email151@example.com,senha151,Nome Completo 151,1,a
email152@example.com,senha152,Nome Completo 152,2,a
email153@example.com,senha153,Nome Completo 153,3,a
email154@example.com,senha154,Nome Completo 154,4,a
email155@example.com,senha155,Nome Completo 155,1,a
email156@example.com,senha156,Nome Completo 156,2,a
email157@example.com,senha157,Nome Completo 157,3,a
email158@example.com,senha158,Nome Completo 158,4,a
email159@example.com,senha159,Nome Completo 159,1,a
email160@example.com,senha160,Nome Completo 160,2,a
email161@example.com,senha161,Nome Completo 161,3,a
email162@example.com,senha162,Nome Completo 162,4,a
email163@example.com,senha163,Nome Completo 163,1,a
email164@example.com,senha164,Nome Completo 164,2,a
email165@example.com,senha165,Nome Completo 165,3,a
email166@example.com,senha166,Nome Completo 166,4,a
email167@example.com,senha167,Nome Completo 167,1,a
email168@example.com,senha168,Nome Completo 168,2,a
email169@example.com,senha169,Nome Completo 169,3,a
email170@example.com,senha170,Nome Completo 170,4,a
email171@example.com,senha171,Nome Completo 171,1,a
email172@example.com,senha172,Nome Completo 172,2,a
email173@example.com,senha173,Nome Completo 173,3,a
email174@example.com,senha174,Nome Completo 174,4,a
email175@example.com,senha175,Nome Completo 175,1,a
email176@example.com,senha176,Nome Completo 176,2,a
email177@example.com,senha177,Nome Completo 177,3,a
email178@example.com,senha178,Nome Completo 178,4,a
email179@example.com,senha179,Nome Completo 179,1,a
email180@example.com,senha180,Nome Completo 180,2,a
email181@example.com,senha181,Nome Completo 181,3,a
email182@example.com,senha182,Nome Completo 182,4,a
email183@example.com,senha183,Nome Completo 183,1,a
email184@example.com,senha184,Nome Completo 184,2,a
email185@example.com,senha185,Nome Completo 185,3,a
email186@example.com,senha186,Nome Completo 186,4,a
email187@example.com,senha187,Nome Completo 187,1,a
email188@example.com,senha188,Nome Completo 188,2,a
email189@example.com,senha189,Nome Completo 189,3,a
email190@example.com,senha190,Nome Completo 190,4,a
email191@example.com,senha191,Nome Completo 191,1,a
email192@example.com,senha192,Nome Completo 192,2,a
email193@example.com,senha193,Nome Completo 193,3,a
email194@example.com,senha194,Nome Completo 194,4,a
email195@example.com,senha195,Nome Completo 195,1,a
email196@example.com,senha196,Nome Completo 196,2,a
email197@example.com,senha197,Nome Completo 197,3,a
email198@example.com,senha198,Nome Completo 198,4,a
email199@example.com,senha199,Nome Completo 199,1,a
email200@example.com,senha200,Nome Completo 200,2,a
email201@example.com,senha201,Nome Completo 201,3,a
email202@example.com,senha202,Nome Completo 202,4,a
email203@example.com,senha203,Nome Completo 203,1,a
email204@example.com,senha204,Nome Completo 204,2,a
email205@example.com,senha205,Nome Completo 205,3,a
email206@example.com,senha206,Nome Completo 206,4,a
email207@example.com,senha207,Nome Completo 207,1,a
email208@example.com,senha208,Nome Completo 208,2,a
email209@example.com,senha209,Nome Completo 209,3,a
email210@example.com,senha210,Nome Completo 210,4,a
email211@example.com,senha211,Nome Completo 211,1,a
email212@example.com,senha212,Nome Completo 212,2,a
email213@example.com,senha213,Nome Completo 213,3,a
email214@example.com,senha214,Nome Completo 214,4,a
email215@example.com,senha215,Nome Completo 215,1,a
email216@example.com,senha216,Nome Completo 216,2,a
email217@example.com,senha217,Nome Completo 217,3,a
email218@example.com,senha218,Nome Completo 218,4,a
email219@example.com,senha219,Nome Completo 219,1,a
email220@example.com,senha220,Nome Completo 220,2,a
email221@example.com,senha221,Nome Completo 221,3,a
email222@example.com,senha222,Nome Completo 222,4,a
email223@example.com,senha223,Nome Completo 223,1,a
email224@example.com,senha224,Nome Completo 224,2,a
email225@example.com,senha225,Nome Completo 225,3,a
email226@example.com,senha226,Nome Completo 226,4,a
email227@example.com,senha227,Nome Completo 227,1,a
email228@example.com,senha228,Nome Completo 228,2,a
email229@example.com,senha229,Nome Completo 229,3,a
email230@example.com,senha230,Nome Completo 230,4,a
email231@example.com,senha231,Nome Completo 231,1,a
email232@example.com,senha232,Nome Completo 232,2,a
email233@example.com,senha233,Nome Completo 233,3,a
email234@example.com,senha234,Nome Completo 234,4,a
email235@example.com,senha235,Nome Completo 235,1,a
email236@example.com,senha236,Nome Completo 236,2,a
email237@example.com,senha237,Nome Completo 237,3,a
email238@example.com,senha238,Nome Completo 238,4,a
email239@example.com,senha239,Nome Completo 239,1,a
email240@example.com,senha240,Nome Completo 240,2,a
email241@example.com,senha241,Nome Completo 241,3,a
email242@example.com,senha242,Nome Completo 242,4,a
email243@example.com,senha243,Nome Completo 243,1,a
email244@example.com,senha244,Nome Completo 244,2,a
email245@example.com,senha245,Nome Completo 245,3,a
email246@example.com,senha246,Nome Completo 246,4,a
email247@example.com,senha247,Nome Completo 247,1,a
email248@example.com,senha248,Nome Completo 248,2,a
email249@example.com,senha249,Nome Completo 249,3,a
email250@example.com,senha250,Nome Completo 250,4,a
email251@example.com,senha251,Nome Completo 251,1,a
email252@example.com,senha252,Nome Completo 252,2,a
email253@example.com,senha253,Nome Completo 253,3,a
email254@example.com,senha254,Nome Completo 254,4,a
email255@example.com,senha255,Nome Completo 255,1,a
email256@example.com,senha256,Nome Completo 256,2,a
email257@example.com,senha257,Nome Completo 257,3,a
email258@example.com,senha258,Nome Completo 258,4,a
email259@example.com,senha259,Nome Completo 259,1,a
email260@example.com,senha260,Nome Completo 260,2,a
email261@example.com,senha261,Nome Completo 261,3,a
email262@example.com,senha262,Nome Completo 262,4,a
email263@example.com,senha263,Nome Completo 263,1,a
email264@example.com,senha264,Nome Completo 264,2,a
email265@example.com,senha265,Nome Completo 265,3,a
email266@example.com,senha266,Nome Completo 266,4,a
email267@example.com,senha267,Nome Completo 267,1,a
email268@example.com,senha268,Nome Completo 268,2,a
email269@example.com,senha269,Nome Completo 269,3,a
email270@example.com,senha270,Nome Completo 270,4,a
email271@example.com,senha271,Nome Completo 271,1,a
email272@example.com,senha272,Nome Completo 272,2,a
email273@example.com,senha273,Nome Completo 273,3,a
email274@example.com,senha274,Nome Completo 274,4,a
email275@example.com,senha275,Nome Completo 275,1,a
email276@example.com,senha276,Nome Completo 276,2,a
email277@example.com,senha277,Nome Completo 277,3,a
email278@example.com,senha278,Nome Completo 278,4,a
email279@example.com,senha279,Nome Completo 279,1,a
email280@example.com,senha280,Nome Completo 280,2,a
email281@example.com,senha281,Nome Completo 281,3,a
email282@example.com,senha282,Nome Completo 282,4,a
email283@example.com,senha283,Nome Completo 283,1,a
email284@example.com,senha284,Nome Completo 284,2,a
email285@example.com,senha285,Nome Completo 285,3,a
email286@example.com,senha286,Nome Completo 286,4,a
email287@example.com,senha287,Nome Completo 287,1,a
email288@example.com,senha288,Nome Completo 288,2,a
email289@example.com,senha289,Nome Completo 289,3,a
email290@example.com,senha290,Nome Completo 290,4,a
email291@example.com,senha291,Nome Completo 291,1,a
email292@example.com,senha292,Nome Completo 292,2,a
email293@example.com,senha293,Nome Completo 293,3,a
email294@example.com,senha294,Nome Completo 294,4,a
email295@example.com,senha295,Nome Completo 295,1,a
email296@example.com,senha296,Nome Completo 296,2,a
email297@example.com,senha297,Nome Completo 297,3,a
email298@example.com,senha298,Nome Completo 298,4,a
email299@example.com,senha299,Nome Completo 299,1,a
email300@example.com,senha300,Nome Completo 300,2,a
email301@example.com,senha301,Nome Completo 301,3,a
email302@example.com,senha302,Nome Completo 302,4,a
email303@example.com,senha303,Nome Completo 303,1,a
email304@example.com,senha304,Nome Completo 304,2,a
email305@example.com,senha305,Nome Completo 305,3,a
email306@example.com,senha306,Nome Completo 306,4,a
email307@example.com,senha307,Nome Completo 307,1,a
email308@example.com,senha308,Nome Completo 308,2,a
email309@example.com,senha309,Nome Completo 309,3,a
email310@example.com,senha310,Nome Completo 310,4,a
email311@example.com,senha311,Nome Completo 311,1,a
email312@example.com,senha312,Nome Completo 312,2,a
email313@example.com,senha313,Nome Completo 313,3,a
email314@example.com,senha314,Nome Completo 314,4,a
email315@example.com,senha315,Nome Completo 315,1,a
email316@example.com,senha316,Nome Completo 316,2,a
email317@example.com,senha317,Nome Completo 317,3,a
email318@example.com,senha318,Nome Completo 318,4,a
email319@example.com,senha319,Nome Completo 319,1,a
email320@example.com,senha320,Nome Completo 320,2,a
email321@example.com,senha321,Nome Completo 321,3,a
email322@example.com,senha322,Nome Completo 322,4,a
email323@example.com,senha323,Nome Completo 323,1,a
email324@example.com,senha324,Nome Completo 324,2,a
email325@example.com,senha325,Nome Completo 325,3,a
email326@example.com,senha326,Nome Completo 326,4,a
email327@example.com,senha327,Nome Completo 327,1,a
email328@example.com,senha328,Nome Completo 328,2,a
email329@example.com,senha329,Nome Completo 329,3,a
email330@example.com,senha330,Nome Completo 330,4,a
email331@example.com,senha331,Nome Completo 331,1,a
email332@example.com,senha332,Nome Completo 332,2,a
email333@example.com,senha333,Nome Completo 333,3,a
email334@example.com,senha334,Nome Completo 334,4,a
email335@example.com,senha335,Nome Completo 335,1,a
email336@example.com,senha336,Nome Completo 336,2,a
email337@example.com,senha337,Nome Completo 337,3,a
email338@example.com,senha338,Nome Completo 338,4,a
email339@example.com,senha339,Nome Completo 339,1,a
email340@example.com,senha340,Nome Completo 340,2,a
email341@example.com,senha341,Nome Completo 341,3,a
email342@example.com,senha342,Nome Completo 342,4,a
email343@example.com,senha343,Nome Completo 343,1,a
email344@example.com,senha344,Nome Completo 344,2,a
email345@example.com,senha345,Nome Completo 345,3,a
email346@example.com,senha346,Nome Completo 346,4,a
email347@example.com,senha347,Nome Completo 347,1,a
email348@example.com,senha348,Nome Completo 348,2,a
email349@example.com,senha349,Nome Completo 349,3,a
email350@example.com,senha350,Nome Completo 350,4,a
email351@example.com,senha351,Nome Completo 351,1,a
email352@example.com,senha352,Nome Completo 352,2,a
email353@example.com,senha353,Nome Completo 353,3,a
email354@example.com,senha354,Nome Completo 354,4,a
email355@example.com,senha355,Nome Completo 355,1,a
email356@example.com,senha356,Nome Completo 356,2,a
email357@example.com,senha357,Nome Completo 357,3,a
email358@example.com,senha358,Nome Completo 358,4,a
email359@example.com,senha359,Nome Completo 359,1,a
email360@example.com,senha360,Nome Completo 360,2,a
email361@example.com,senha361,Nome Completo 361,3,a
email362@example.com,senha362,Nome Completo 362,4,a
email363@example.com,senha363,Nome Completo 363,1,a
email364@example.com,senha364,Nome Completo 364,2,a
email365@example.com,senha365,Nome Completo 365,3,a
email366@example.com,senha366,Nome Completo 366,4,a
email367@example.com,senha367,Nome Completo 367,1,a
email368@example.com,senha368,Nome Completo 368,2,a
email369@example.com,senha369,Nome Completo 369,3,a
email370@example.com,senha370,Nome Completo 370,4,a
email371@example.com,senha371,Nome Completo 371,1,a
email372@example.com,senha372,Nome Completo 372,2,a
email373@example.com,senha373,Nome Completo 373,3,a
email374@example.com,senha374,Nome Completo 374,4,a
email375@example.com,senha375,Nome Completo 375,1,a
email376@example.com,senha376,Nome Completo 376,2,a
email377@example.com,senha377,Nome Completo 377,3,a
email378@example.com,senha378,Nome Completo 378,4,a
email379@example.com,senha379,Nome Completo 379,1,a
email380@example.com,senha380,Nome Completo 380,2,a
email381@example.com,senha381,Nome Completo 381,3,a
email382@example.com,senha382,Nome Completo 382,4,a
email383@example.com,senha383,Nome Completo 383,1,a
email384@example.com,senha384,Nome Completo 384,2,a
email385@example.com,senha385,Nome Completo 385,3,a
email386@example.com,senha386,Nome Completo 386,4,a
email387@example.com,senha387,Nome Completo 387,1,a
email388@example.com,senha388,Nome Completo 388,2,a
email389@example.com,senha389,Nome Completo 389,3,a
email390@example.com,senha390,Nome Completo 390,4,a
email391@example.com,senha391,Nome Completo 391,1,a
email392@example.com,senha392,Nome Completo 392,2,a
email393@example.com,senha393,Nome Completo 393,3,a
email394@example.com,senha394,Nome Completo 394,4,a
email395@example.com,senha395,Nome Completo 395,1,a
email396@example.com,senha396,Nome Completo 396,2,a
email397@example.com,senha397,Nome Completo 397,3,a
email398@example.com,senha398,Nome Completo 398,4,a
email399@example.com,senha399,Nome Completo 399,1,a
email400@example.com,senha400,Nome Completo 400,2,a
email401@example.com,senha401,Nome Completo 401,3,a
email402@example.com,senha402,Nome Completo 402,4,a
email403@example.com,senha403,Nome Completo 403,1,a
email404@example.com,senha404,Nome Completo 404,2,a
email405@example.com,senha405,Nome Completo 405,3,a
email406@example.com,senha406,Nome Completo 406,4,a
email407@example.com,senha407,Nome Completo 407,1,a
email408@example.com,senha408,Nome Completo 408,2,a
email409@example.com,senha409,Nome Completo 409,3,a
email410@example.com,senha410,Nome Completo 410,4,a
email411@example.com,senha411,Nome Completo 411,1,a
email412@example.com,senha412,Nome Completo 412,2,a
email413@example.com,senha413,Nome Completo 413,3,a
email414@example.com,senha414,Nome Completo 414,4,a
email415@example.com,senha415,Nome Completo 415,1,a
email416@example.com,senha416,Nome Completo 416,2,a
email417@example.com,senha417,Nome Completo 417,3,a
email418@example.com,senha418,Nome Completo 418,4,a
email419@example.com,senha419,Nome Completo 419,1,a
email420@example.com,senha420,Nome Completo 420,2,a
email421@example.com,senha421,Nome Completo 421,3,a
email422@example.com,senha422,Nome Completo 422,4,a
email423@example.com,senha423,Nome Completo 423,1,a
email424@example.com,senha424,Nome Completo 424,2,a
email425@example.com,senha425,Nome Completo 425,3,a
email426@example.com,senha426,Nome Completo 426,4,a
email427@example.com,senha427,Nome Completo 427,1,a
email428@example.com,senha428,Nome Completo 428,2,a
email429@example.com,senha429,Nome Completo 429,3,a
email430@example.com,senha430,Nome Completo 430,4,a
email431@example.com,senha431,Nome Completo 431,1,a
email432@example.com,senha432,Nome Completo 432,2,a
email433@example.com,senha433,Nome Completo 433,3,a
email434@example.com,senha434,Nome Completo 434,4,a
email435@example.com,senha435,Nome Completo 435,1,a
email436@example.com,senha436,Nome Completo 436,2,a
email437@example.com,senha437,Nome Completo 437,3,a
email438@example.com,senha438,Nome Completo 438,4,a
email439@example.com,senha439,Nome Completo 439,1,a
email440@example.com,senha440,Nome Completo 440,2,a
email441@example.com,senha441,Nome Completo 441,3,a
email442@example.com,senha442,Nome Completo 442,4,a
email443@example.com,senha443,Nome Completo 443,1,a
email444@example.com,senha444,Nome Completo 444,2,a
email445@example.com,senha445,Nome Completo 445,3,a
email446@example.com,senha446,Nome Completo 446,4,a
email447@example.com,senha447,Nome Completo 447,1,a
email448@example.com,senha448,Nome Completo 448,2,a
email449@example.com,senha449,Nome Completo 449,3,a
email450@example.com,senha450,Nome Completo 450,4,a
email451@example.com,senha451,Nome Completo 451,1,a
email452@example.com,senha452,Nome Completo 452,2,a
email453@example.com,senha453,Nome Completo 453,3,a
email454@example.com,senha454,Nome Completo 454,4,a
email455@example.com,senha455,Nome Completo 455,1,a
email456@example.com,senha456,Nome Completo 456,2,a
email457@example.com,senha457,Nome Completo 457,3,a
email458@example.com,senha458,Nome Completo 458,4,a
email459@example.com,senha459,Nome Completo 459,1,a
email460@example.com,senha460,Nome Completo 460,2,a
email461@example.com,senha461,Nome Completo 461,3,a
email462@example.com,senha462,Nome Completo 462,4,a
email463@example.com,senha463,Nome Completo 463,1,a
email464@example.com,senha464,Nome Completo 464,2,a
email465@example.com,senha465,Nome Completo 465,3,a
email466@example.com,senha466,Nome Completo 466,4,a
email467@example.com,senha467,Nome Completo 467,1,a
email468@example.com,senha468,Nome Completo 468,2,a
email469@example.com,senha469,Nome Completo 469,3,a
email470@example.com,senha470,Nome Completo 470,4,a
email471@example.com,senha471,Nome Completo 471,1,a
email472@example.com,senha472,Nome Completo 472,2,a
email473@example.com,senha473,Nome Completo 473,3,a
email474@example.com,senha474,Nome Completo 474,4,a
email475@example.com,senha475,Nome Completo 475,1,a
email476@example.com,senha476,Nome Completo 476,2,a
email477@example.com,senha477,Nome Completo 477,3,a
email478@example.com,senha478,Nome Completo 478,4,a
email479@example.com,senha479,Nome Completo 479,1,a
email480@example.com,senha480,Nome Completo 480,2,a
email481@example.com,senha481,Nome Completo 481,3,a
email482@example.com,senha482,Nome Completo 482,4,a
email483@example.com,senha483,Nome Completo 483,1,a
email484@example.com,senha484,Nome Completo 484,2,a
email485@example.com,senha485,Nome Completo 485,3,a
email486@example.com,senha486,Nome Completo 486,4,a
email487@example.com,senha487,Nome Completo 487,1,a
email488@example.com,senha488,Nome Completo 488,2,a
email489@example.com,senha489,Nome Completo 489,3,a
email490@example.com,senha490,Nome Completo 490,4,a
email491@example.com,senha491,Nome Completo 491,1,a
email492@example.com,senha492,Nome Completo 492,2,a
email493@example.com,senha493,Nome Completo 493,3,a
email494@example.com,senha494,Nome Completo 494,4,a
email495@example.com,senha495,Nome Completo 495,1,a
email496@example.com,senha496,Nome Completo 496,2,a
email497@example.com,senha497,Nome Completo 497,3,a
email498@example.com,senha498,Nome Completo 498,4,a
email499@example.com,senha499,Nome Completo 499,1,a
email500@example.com,senha500,Nome Completo 500,2,a
email501@example.com,senha501,Nome Completo 501,3,a
email502@example.com,senha502,Nome Completo 502,4,a
email503@example.com,senha503,Nome Completo 503,1,a
email504@example.com,senha504,Nome Completo 504,2,a
email505@example.com,senha505,Nome Completo 505,3,a
email506@example.com,senha506,Nome Completo 506,4,a
email507@example.com,senha507,Nome Completo 507,1,a
email508@example.com,senha508,Nome Completo 508,2,a
email509@example.com,senha509,Nome Completo 509,3,a
email510@example.com,senha510,Nome Completo 510,4,a
email511@example.com,senha511,Nome Completo 511,1,a
email512@example.com,senha512,Nome Completo 512,2,a
email513@example.com,senha513,Nome Completo 513,3,a
email514@example.com,senha514,Nome Completo 514,4,a
email515@example.com,senha515,Nome Completo 515,1,a
email516@example.com,senha516,Nome Completo 516,2,a
email517@example.com,senha517,Nome Completo 517,3,a
email518@example.com,senha518,Nome Completo 518,4,a
email519@example.com,senha519,Nome Completo 519,1,a
email520@example.com,senha520,Nome Completo 520,2,a
email521@example.com,senha521,Nome Completo 521,3,a
email522@example.com,senha522,Nome Completo 522,4,a
email523@example.com,senha523,Nome Completo 523,1,a
email524@example.com,senha524,Nome Completo 524,2,a
email525@example.com,senha525,Nome Completo 525,3,a
email526@example.com,senha526,Nome Completo 526,4,a
email527@example.com,senha527,Nome Completo 527,1,a
email528@example.com,senha528,Nome Completo 528,2,a
email529@example.com,senha529,Nome Completo 529,3,a
email530@example.com,senha530,Nome Completo 530,4,a
email531@example.com,senha531,Nome Completo 531,1,a
email532@example.com,senha532,Nome Completo 532,2,a
email533@example.com,senha533,Nome Completo 533,3,a
email534@example.com,senha534,Nome Completo 534,4,a
email535@example.com,senha535,Nome Completo 535,1,a
email536@example.com,senha536,Nome Completo 536,2,a
email537@example.com,senha537,Nome Completo 537,3,a
email538@example.com,senha538,Nome Completo 538,4,a
email539@example.com,senha539,Nome Completo 539,1,a
email540@example.com,senha540,Nome Completo 540,2,a
email541@example.com,senha541,Nome Completo 541,3,a
email542@example.com,senha542,Nome Completo 542,4,a
email543@example.com,senha543,Nome Completo 543,1,a
email544@example.com,senha544,Nome Completo 544,2,a
email545@example.com,senha545,Nome Completo 545,3,a
email546@example.com,senha546,Nome Completo 546,4,a
email547@example.com,senha547,Nome Completo 547,1,a
email548@example.com,senha548,Nome Completo 548,2,a
email549@example.com,senha549,Nome Completo 549,3,a
email550@example.com,senha550,Nome Completo 550,4,a
email551@example.com,senha551,Nome Completo 551,1,a
email552@example.com,senha552,Nome Completo 552,2,a
email553@example.com,senha553,Nome Completo 553,3,a
email554@example.com,senha554,Nome Completo 554,4,a
email555@example.com,senha555,Nome Completo 555,1,a
email556@example.com,senha556,Nome Completo 556,2,a
email557@example.com,senha557,Nome Completo 557,3,a
email558@example.com,senha558,Nome Completo 558,4,a
email559@example.com,senha559,Nome Completo 559,1,a
email560@example.com,senha560,Nome Completo 560,2,a
email561@example.com,senha561,Nome Completo 561,3,a
email562@example.com,senha562,Nome Completo 562,4,a
email563@example.com,senha563,Nome Completo 563,1,a
email564@example.com,senha564,Nome Completo 564,2,a
email565@example.com,senha565,Nome Completo 565,3,a
email566@example.com,senha566,Nome Completo 566,4,a
email567@example.com,senha567,Nome Completo 567,1,a
email568@example.com,senha568,Nome Completo 568,2,a
email569@example.com,senha569,Nome Completo 569,3,a
email570@example.com,senha570,Nome Completo 570,4,a
email571@example.com,senha571,Nome Completo 571,1,a
email572@example.com,senha572,Nome Completo 572,2,a
email573@example.com,senha573,Nome Completo 573,3,a
email574@example.com,senha574,Nome Completo 574,4,a
email575@example.com,senha575,Nome Completo 575,1,a
email576@example.com,senha576,Nome Completo 576,2,a
email577@example.com,senha577,Nome Completo 577,3,a
email578@example.com,senha578,Nome Completo 578,4,a
email579@example.com,senha579,Nome Completo 579,1,a
email580@example.com,senha580,Nome Completo 580,2,a
email581@example.com,senha581,Nome Completo 581,3,a
email582@example.com,senha582,Nome Completo 582,4,a
email583@example.com,senha583,Nome Completo 583,1,a
email584@example.com,senha584,Nome Completo 584,2,a
email585@example.com,senha585,Nome Completo 585,3,a
email586@example.com,senha586,Nome Completo 586,4,a
email587@example.com,senha587,Nome Completo 587,1,a
email588@example.com,senha588,Nome Completo 588,2,a
email589@example.com,senha589,Nome Completo 589,3,a
email590@example.com,senha590,Nome Completo 590,4,a
email591@example.com,senha591,Nome Completo 591,1,a
email592@example.com,senha592,Nome Completo 592,2,a
email593@example.com,senha593,Nome Completo 593,3,a
email594@example.com,senha594,Nome Completo 594,4,a
email595@example.com,senha595,Nome Completo 595,1,a
email596@example.com,senha596,Nome Completo 596,2,a
email597@example.com,senha597,Nome Completo 597,3,a
email598@example.com,senha598,Nome Completo 598,4,a
email599@example.com,senha599,Nome Completo 599,1,a
email600@example.com,senha600,Nome Completo 600,2,a
email601@example.com,senha601,Nome Completo 601,3,a
email602@example.com,senha602,Nome Completo 602,4,a
email603@example.com,senha603,Nome Completo 603,1,a
email604@example.com,senha604,Nome Completo 604,2,a
email605@example.com,senha605,Nome Completo 605,3,a
email606@example.com,senha606,Nome Completo 606,4,a
email607@example.com,senha607,Nome Completo 607,1,a
email608@example.com,senha608,Nome Completo 608,2,a
email609@example.com,senha609,Nome Completo 609,3,a
email610@example.com,senha610,Nome Completo 610,4,a
email611@example.com,senha611,Nome Completo 611,1,a
email612@example.com,senha612,Nome Completo 612,2,a
email613@example.com,senha613,Nome Completo 613,3,a
email614@example.com,senha614,Nome Completo 614,4,a
email615@example.com,senha615,Nome Completo 615,1,a
email616@example.com,senha616,Nome Completo 616,2,a
email617@example.com,senha617,Nome Completo 617,3,a
email618@example.com,senha618,Nome Completo 618,4,a
email619@example.com,senha619,Nome Completo 619,1,a
email620@example.com,senha620,Nome Completo 620,2,a
email621@example.com,senha621,Nome Completo 621,3,a
email622@example.com,senha622,Nome Completo 622,4,a
email623@example.com,senha623,Nome Completo 623,1,a
email624@example.com,senha624,Nome Completo 624,2,a
email625@example.com,senha625,Nome Completo 625,3,a
email626@example.com,senha626,Nome Completo 626,4,a
email627@example.com,senha627,Nome Completo 627,1,a
email628@example.com,senha628,Nome Completo 628,2,a
email629@example.com,senha629,Nome Completo 629,3,a
email630@example.com,senha630,Nome Completo 630,4,a
email631@example.com,senha631,Nome Completo 631,1,a
email632@example.com,senha632,Nome Completo 632,2,a
email633@example.com,senha633,Nome Completo 633,3,a
email634@example.com,senha634,Nome Completo 634,4,a
email635@example.com,senha635,Nome Completo 635,1,a
email636@example.com,senha636,Nome Completo 636,2,a
email637@example.com,senha637,Nome Completo 637,3,a
email638@example.com,senha638,Nome Completo 638,4,a
email639@example.com,senha639,Nome Completo 639,1,a
email640@example.com,senha640,Nome Completo 640,2,a
email641@example.com,senha641,Nome Completo 641,3,a
email642@example.com,senha642,Nome Completo 642,4,a
email643@example.com,senha643,Nome Completo 643,1,a
email644@example.com,senha644,Nome Completo 644,2,a
email645@example.com,senha645,Nome Completo 645,3,a
email646@example.com,senha646,Nome Completo 646,4,a
email647@example.com,senha647,Nome Completo 647,1,a
email648@example.com,senha648,Nome Completo 648,2,a
email649@example.com,senha649,Nome Completo 649,3,a
email650@example.com,senha650,Nome Completo 650,4,a
email651@example.com,senha651,Nome Completo 651,1,a
email652@example.com,senha652,Nome Completo 652,2,a
email653@example.com,senha653,Nome Completo 653,3,a
email654@example.com,senha654,Nome Completo 654,4,a
email655@example.com,senha655,Nome Completo 655,1,a
email656@example.com,senha656,Nome Completo 656,2,a
email657@example.com,senha657,Nome Completo 657,3,a
email658@example.com,senha658,Nome Completo 658,4,a
email659@example.com,senha659,Nome Completo 659,1,a
email660@example.com,senha660,Nome Completo 660,2,a
email661@example.com,senha661,Nome Completo 661,3,a
email662@example.com,senha662,Nome Completo 662,4,a
email663@example.com,senha663,Nome Completo 663,1,a
email664@example.com,senha664,Nome Completo 664,2,a
email665@example.com,senha665,Nome Completo 665,3,a
email666@example.com,senha666,Nome Completo 666,4,a
email667@example.com,senha667,Nome Completo 667,1,a
email668@example.com,senha668,Nome Completo 668,2,a
email669@example.com,senha669,Nome Completo 669,3,a
email670@example.com,senha670,Nome Completo 670,4,a
email671@example.com,senha671,Nome Completo 671,1,a
email672@example.com,senha672,Nome Completo 672,2,a
email673@example.com,senha673,Nome Completo 673,3,a
email674@example.com,senha674,Nome Completo 674,4,a
email675@example.com,senha675,Nome Completo 675,1,a
email676@example.com,senha676,Nome Completo 676,2,a
email677@example.com,senha677,Nome Completo 677,3,a
email678@example.com,senha678,Nome Completo 678,4,a
email679@example.com,senha679,Nome Completo 679,1,a
email680@example.com,senha680,Nome Completo 680,2,a
email681@example.com,senha681,Nome Completo 681,3,a
email682@example.com,senha682,Nome Completo 682,4,a
email683@example.com,senha683,Nome Completo 683,1,a
email684@example.com,senha684,Nome Completo 684,2,a
email685@example.com,senha685,Nome Completo 685,3,a
email686@example.com,senha686,Nome Completo 686,4,a
email687@example.com,senha687,Nome Completo 687,1,a
email688@example.com,senha688,Nome Completo 688,2,a
email689@example.com,senha689,Nome Completo 689,3,a
email690@example.com,senha690,Nome Completo 690,4,a
email691@example.com,senha691,Nome Completo 691,1,a
email692@example.com,senha692,Nome Completo 692,2,a
email693@example.com,senha693,Nome Completo 693,3,a
email694@example.com,senha694,Nome Completo 694,4,a
email695@example.com,senha695,Nome Completo 695,1,a
email696@example.com,senha696,Nome Completo 696,2,a
email697@example.com,senha697,Nome Completo 697,3,a
email698@example.com,senha698,Nome Completo 698,4,a
email699@example.com,senha699,Nome Completo 699,1,a
email700@example.com,senha700,Nome Completo 700,2,a
email701@example.com,senha701,Nome Completo 701,3,a
email702@example.com,senha702,Nome Completo 702,4,a
email703@example.com,senha703,Nome Completo 703,1,a
email704@example.com,senha704,Nome Completo 704,2,a
email705@example.com,senha705,Nome Completo 705,3,a
email706@example.com,senha706,Nome Completo 706,4,a
email707@example.com,senha707,Nome Completo 707,1,a
email708@example.com,senha708,Nome Completo 708,2,a
email709@example.com,senha709,Nome Completo 709,3,a
email710@example.com,senha710,Nome Completo 710,4,a
email711@example.com,senha711,Nome Completo 711,1,a
email712@example.com,senha712,Nome Completo 712,2,a
email713@example.com,senha713,Nome Completo 713,3,a
email714@example.com,senha714,Nome Completo 714,4,a
email715@example.com,senha715,Nome Completo 715,1,a
email716@example.com,senha716,Nome Completo 716,2,a
email717@example.com,senha717,Nome Completo 717,3,a
email718@example.com,senha718,Nome Completo 718,4,a
email719@example.com,senha719,Nome Completo 719,1,a
email720@example.com,senha720,Nome Completo 720,2,a
email721@example.com,senha721,Nome Completo 721,3,a
email722@example.com,senha722,Nome Completo 722,4,a
email723@example.com,senha723,Nome Completo 723,1,a
email724@example.com,senha724,Nome Completo 724,2,a
email725@example.com,senha725,Nome Completo 725,3,a
email726@example.com,senha726,Nome Completo 726,4,a
email727@example.com,senha727,Nome Completo 727,1,a
email728@example.com,senha728,Nome Completo 728,2,a
email729@example.com,senha729,Nome Completo 729,3,a
email730@example.com,senha730,Nome Completo 730,4,a
email731@example.com,senha731,Nome Completo 731,1,a
email732@example.com,senha732,Nome Completo 732,2,a
email733@example.com,senha733,Nome Completo 733,3,a
email734@example.com,senha734,Nome Completo 734,4,a
email735@example.com,senha735,Nome Completo 735,1,a
email736@example.com,senha736,Nome Completo 736,2,a
email737@example.com,senha737,Nome Completo 737,3,a
email738@example.com,senha738,Nome Completo 738,4,a
email739@example.com,senha739,Nome Completo 739,1,a
email740@example.com,senha740,Nome Completo 740,2,a
email741@example.com,senha741,Nome Completo 741,3,a
email742@example.com,senha742,Nome Completo 742,4,a
email743@example.com,senha743,Nome Completo 743,1,a
email744@example.com,senha744,Nome Completo 744,2,a
email745@example.com,senha745,Nome Completo 745,3,a
email746@example.com,senha746,Nome Completo 746,4,a
email747@example.com,senha747,Nome Completo 747,1,a
email748@example.com,senha748,Nome Completo 748,2,a
email749@example.com,senha749,Nome Completo 749,3,a
email750@example.com,senha750,Nome Completo 750,4,a
email751@example.com,senha751,Nome Completo 751,1,a
email752@example.com,senha752,Nome Completo 752,2,a
email753@example.com,senha753,Nome Completo 753,3,a
email754@example.com,senha754,Nome Completo 754,4,a
email755@example.com,senha755,Nome Completo 755,1,a
email756@example.com,senha756,Nome Completo 756,2,a
email757@example.com,senha757,Nome Completo 757,3,a
email758@example.com,senha758,Nome Completo 758,4,a
email759@example.com,senha759,Nome Completo 759,1,a
email760@example.com,senha760,Nome Completo 760,2,a
email761@example.com,senha761,Nome Completo 761,3,a
email762@example.com,senha762,Nome Completo 762,4,a
email763@example.com,senha763,Nome Completo 763,1,a
email764@example.com,senha764,Nome Completo 764,2,a
email765@example.com,senha765,Nome Completo 765,3,a
email766@example.com,senha766,Nome Completo 766,4,a
email767@example.com,senha767,Nome Completo 767,1,a
email768@example.com,senha768,Nome Completo 768,2,a
email769@example.com,senha769,Nome Completo 769,3,a
email770@example.com,senha770,Nome Completo 770,4,a
email771@example.com,senha771,Nome Completo 771,1,a
email772@example.com,senha772,Nome Completo 772,2,a
email773@example.com,senha773,Nome Completo 773,3,a
email774@example.com,senha774,Nome Completo 774,4,a
email775@example.com,senha775,Nome Completo 775,1,a
email776@example.com,senha776,Nome Completo 776,2,a
email777@example.com,senha777,Nome Completo 777,3,a
email778@example.com,senha778,Nome Completo 778,4,a
email779@example.com,senha779,Nome Completo 779,1,a
email780@example.com,senha780,Nome Completo 780,2,a
email781@example.com,senha781,Nome Completo 781,3,a
email782@example.com,senha782,Nome Completo 782,4,a
email783@example.com,senha783,Nome Completo 783,1,a
email784@example.com,senha784,Nome Completo 784,2,a
email785@example.com,senha785,Nome Completo 785,3,a
email786@example.com,senha786,Nome Completo 786,4,a
email787@example.com,senha787,Nome Completo 787,1,a
email788@example.com,senha788,Nome Completo 788,2,a
email789@example.com,senha789,Nome Completo 789,3,a
email790@example.com,senha790,Nome Completo 790,4,a
email791@example.com,senha791,Nome Completo 791,1,a
email792@example.com,senha792,Nome Completo 792,2,a
email793@example.com,senha793,Nome Completo 793,3,a
email794@example.com,senha794,Nome Completo 794,4,a
email795@example.com,senha795,Nome Completo 795,1,a
email796@example.com,senha796,Nome Completo 796,2,a
email797@example.com,senha797,Nome Completo 797,3,a
email798@example.com,senha798,Nome Completo 798,4,a
email799@example.com,senha799,Nome Completo 799,1,a
email800@example.com,senha800,Nome Completo 800,2,a
email801@example.com,senha801,Nome Completo 801,3,a
email802@example.com,senha802,Nome Completo 802,4,a
email803@example.com,senha803,Nome Completo 803,1,a
email804@example.com,senha804,Nome Completo 804,2,a
email805@example.com,senha805,Nome Completo 805,3,a
email806@example.com,senha806,Nome Completo 806,4,a
email807@example.com,senha807,Nome Completo 807,1,a
email808@example.com,senha808,Nome Completo 808,2,a
email809@example.com,senha809,Nome Completo 809,3,a
email810@example.com,senha810,Nome Completo 810,4,a
email811@example.com,senha811,Nome Completo 811,1,a
email812@example.com,senha812,Nome Completo 812,2,a
email813@example.com,senha813,Nome Completo 813,3,a
email814@example.com,senha814,Nome Completo 814,4,a
email815@example.com,senha815,Nome Completo 815,1,a
email816@example.com,senha816,Nome Completo 816,2,a
email817@example.com,senha817,Nome Completo 817,3,a
email818@example.com,senha818,Nome Completo 818,4,a
email819@example.com,senha819,Nome Completo 819,1,a
email820@example.com,senha820,Nome Completo 820,2,a
email821@example.com,senha821,Nome Completo 821,3,a
email822@example.com,senha822,Nome Completo 822,4,a
email823@example.com,senha823,Nome Completo 823,1,a
email824@example.com,senha824,Nome Completo 824,2,a
email825@example.com,senha825,Nome Completo 825,3,a
email826@example.com,senha826,Nome Completo 826,4,a
email827@example.com,senha827,Nome Completo 827,1,a
email828@example.com,senha828,Nome Completo 828,2,a
email829@example.com,senha829,Nome Completo 829,3,a
email830@example.com,senha830,Nome Completo 830,4,a
email831@example.com,senha831,Nome Completo 831,1,a
email832@example.com,senha832,Nome Completo 832,2,a
email833@example.com,senha833,Nome Completo 833,3,a
email834@example.com,senha834,Nome Completo 834,4,a
email835@example.com,senha835,Nome Completo 835,1,a
email836@example.com,senha836,Nome Completo 836,2,a
email837@example.com,senha837,Nome Completo 837,3,a
email838@example.com,senha838,Nome Completo 838,4,a
email839@example.com,senha839,Nome Completo 839,1,a
email840@example.com,senha840,Nome Completo 840,2,a
email841@example.com,senha841,Nome Completo 841,3,a
email842@example.com,senha842,Nome Completo 842,4,a
email843@example.com,senha843,Nome Completo 843,1,a
email844@example.com,senha844,Nome Completo 844,2,a
email845@example.com,senha845,Nome Completo 845,3,a
email846@example.com,senha846,Nome Completo 846,4,a
email847@example.com,senha847,Nome Completo 847,1,a
email848@example.com,senha848,Nome Completo 848,2,a
email849@example.com,senha849,Nome Completo 849,3,a
email850@example.com,senha850,Nome Completo 850,4,a
email851@example.com,senha851,Nome Completo 851,1,a
email852@example.com,senha852,Nome Completo 852,2,a
email853@example.com,senha853,Nome Completo 853,3,a
email854@example.com,senha854,Nome Completo 854,4,a
email855@example.com,senha855,Nome Completo 855,1,a
email856@example.com,senha856,Nome Completo 856,2,a
email857@example.com,senha857,Nome Completo 857,3,a
email858@example.com,senha858,Nome Completo 858,4,a
email859@example.com,senha859,Nome Completo 859,1,a
email860@example.com,senha860,Nome Completo 860,2,a
email861@example.com,senha861,Nome Completo 861,3,a
email862@example.com,senha862,Nome Completo 862,4,a
email863@example.com,senha863,Nome Completo 863,1,a
email864@example.com,senha864,Nome Completo 864,2,a
email865@example.com,senha865,Nome Completo 865,3,a
email866@example.com,senha866,Nome Completo 866,4,a
email867@example.com,senha867,Nome Completo 867,1,a
email868@example.com,senha868,Nome Completo 868,2,a
email869@example.com,senha869,Nome Completo 869,3,a
email870@example.com,senha870,Nome Completo 870,4,a
email871@example.com,senha871,Nome Completo 871,1,a
email872@example.com,senha872,Nome Completo 872,2,a
email873@example.com,senha873,Nome Completo 873,3,a
email874@example.com,senha874,Nome Completo 874,4,a
email875@example.com,senha875,Nome Completo 875,1,a
email876@example.com,senha876,Nome Completo 876,2,a
email877@example.com,senha877,Nome Completo 877,3,a
email878@example.com,senha878,Nome Completo 878,4,a
email879@example.com,senha879,Nome Completo 879,1,a
email880@example.com,senha880,Nome Completo 880,2,a
email881@example.com,senha881,Nome Completo 881,3,a
email882@example.com,senha882,Nome Completo 882,4,a
email883@example.com,senha883,Nome Completo 883,1,a
email884@example.com,senha884,Nome Completo 884,2,a
email885@example.com,senha885,Nome Completo 885,3,a
email886@example.com,senha886,Nome Completo 886,4,a
email887@example.com,senha887,Nome Completo 887,1,a
email888@example.com,senha888,Nome Completo 888,2,a
email889@example.com,senha889,Nome Completo 889,3,a
email890@example.com,senha890,Nome Completo 890,4,a
email891@example.com,senha891,Nome Completo 891,1,a
email892@example.com,senha892,Nome Completo 892,2,a
email893@example.com,senha893,Nome Completo 893,3,a
email894@example.com,senha894,Nome Completo 894,4,a
email895@example.com,senha895,Nome Completo 895,1,a
email896@example.com,senha896,Nome Completo 896,2,a
email897@example.com,senha897,Nome Completo 897,3,a
email898@example.com,senha898,Nome Completo 898,4,a
email899@example.com,senha899,Nome Completo 899,1,a
email900@example.com,senha900,Nome Completo 900,2,a
lç@com,123,LÇ,2,a
